Acanthochaenus_luetkenii_GCA9003125751 
Acanthochromis_polyacanthus_GCF0021095451 
Acipenser_ruthenus_GCF010645085 
Agrostichthys_parkeri_C04 
Alosa_alosa_GCF017589495 
Ameiurus_melas_GCA0124113651 
Amphilophus_citrinellus_GCA0134357551 
Amphiprion_ocellaris_GCF0027764651 
Amphiprion_percula_GCA0030473552 
Anabarilius_grahami_GCA003731715 
Anabas_testudineus_GCA9003244652 
Anguilla_anguilla_GCA0133478551 
Anoplogaster_cornuta_GCA9006833851 
Archocentrus_centrarchus_GCF0073642751 
Arctogadus_glacialis_GCA9003032351 
Astatotilapia_calliptera_GCF9002462251 
Astyanax_mexicanus_GCA0048027751 
Bagarius_yarrelli_GCA005784505 
Bathygadus_melanobranchus_GCA9003023751 
Beryx_splendens_GCA900312565_Hughes 
Betta_splendens_GCA9006347953 
Boleophthalmus_pectinirostris_GCF0007882751 
Boregadus_saida_GCA9003025151 
Bregmaceros_cantori_GCA9003023951 
Brosme_brosme_GCA9003024251 
Brotula_barbata_GCA9003032651 
Carassius_auratus_GCA0143326551 
Channa_argus_GCA0047861851 
Clarias_magur_GCA013621035 
Clupea_harengus_GCA9007004151 
Collichthys_lucidus_GCA0098523951 
Colossoma_macropomum_GCF904425465 
Coryphaenoides_rupestris_GCA0028959651 
Cottoperca_gobio_GCF9006344151 
Cyclopterus_lumpus_GCA0097695451 
Cynoglossus_semilaevis_GCF0005230251 
Cyprinodon_variegatus_GCF0007325051 
Cyttopsis_rosea_GCA9003023551 
Danionella_translucida_GCA007224835 
Denticeps_clupeoides_GCA9007003752 
Dermochelys_coriacea_GCF009764565 
Dicentrarchus_labrax_GCA0006892151 
Diretmoides_pauciradiatus_GCA9006603151 
Diretmus_argenteus_GCA9006602951 
Electrophorus_electricus_GCA0133588151 
Epinephelus_lanceolatus_GCA0052815451 
Esox_lucius_GCF0046341551 
Etheostoma_cragini_GCA0131037351 
Etheostoma_spectabile_GCA0014658952 
Fundulus_heteroclitus_GCF0008267651 
Gadiculus_argenteus_GCA9003025951 
Gadus_chalcogrammus_GCA9003025751 
Gadus_morhua_GCA0108821051 
Gasterosteus_aculeatus_GCA0062291851 
Gephyroberyx_darwinii_GCA9006604551 
Haplochromis_burtoni_GCF0002394151 
Hemibagrus_wyckioides_GCA019097595 
Hippocampus_comes_GCF0018910651 
Hippoglossus_hippoglossus_GCA0098197051 
Holocentrus_rufus_GCA900302615_Hughes 
Hoplostethus_atlanticus_GCA9006603551 
Hucho_hucho_GCA0033170851 
Ictalurus_punctatus_GCA0016606252 
Kryptolebias_marmoratus_GCA0016495752 
Labeo_rohita_GCF022985175 
Labrus_bergylta_GCF9000802351 
Laemonema_laureysi_GCA9003032251 
Lamprogrammus_exutus_GCA9003125551 
Larimichthys_crocea_GCA0009728452 
Lates_calcarifer_GCA001640805_Hughes 
Lepisosteus_oculatus_GCF000242695 
Lesueurigobius_sanzi_GCA9003032551 
Lota_lota_GCA9003023851 
Lucifuga_dentata_GCA014773175 
Macrourus_berglax_GCA9003023651 
Malacocephalus_occidentalis_GCA9003125851 
Mastacembelus_armatus_GCF9003244852 
Maylandia_zebra_GCA0002389555 
Melanogrammus_aeglefinus_GCA9002910751 
Melanonus_zugmayeri_GCA9003023451 
Mene_maculata_FMNH126719 
Merlangius_merlangus_GCA9003233551 
Merluccius_capensis_GCA9003129451 
Merluccius_merluccius_GCA9003125451 
Merluccius_polli_GCA9003126251 
Metavelifer_multiradiatus_G04 
Mola_mola_GCA001698575_Hughes 
Molva_molva_GCA9003232951 
Monocentris_japonicus_GCA9003233651 
Monopterus_albus_GCF001952655 
Mora_moro_GCA9003032051 
Mugilogobius_chulae_GCA9028271151 
Muraenolepis_marmorata_GCA9003023251 
Myripristis_jacobus_GCA900302555_Hughes 
Myripristis_murdjan_GCA9021500651 
Neogobius_melanostomus_GCA0072106951 
Neolamprologus_brichardi_GCF0002393951 
Nothobranchius_furzeri_GCA0014658952 
Notolabrus_celidotus_GCA0097625351 
Oncorhynchus_keta_GCA0078965451 
Oncorhynchus_kisutch_GCA0020217352 
Oncorhynchus_mykiss_GCA013265735_Hughes 
Oncorhynchus_nerka_GCA0061491151 
Oncorhynchus_tshawytscha_GCA0028729951 
Onychostoma_macrolepis_GCA0124320951 
Opsanus_beta_GCA9006603251 
Oreochromis_aureus_GCA0166255351 
Oreochromis_niloticus_GCA001858045_Hughes 
Oryzias_javanicus_GCA0039996251 
Oryzias_latipes_GCF0022346751 
Oryzias_melastigma_GCA0029228052 
Oryzias_sinensis_GCA0085865651 
Pampus_argenteus_GCA000697985_Hughes 
Pangasianodon_gigas_GCA022758105 
Pangasianodon_hypophthalamus_GCF009078355 
Pangasius_djambal_GCA022985145 
Perca_flavescens_GCA0133755451 
Perca_fluviatilis_GCA9003026451 
Percopsis_transmontana_GCA9003022851 
Periophthalmus_magnuspinnatus_GCA0098291251 
Phycis_blennoides_GCA9003023151 
Phycis_phycis_GCA9003023351 
Pimephales_promelas_GCF016745375 
Poecilia_formosa_GCF0004855751 
Poecilia_latipinna_GCA0014432851 
Poecilia_reticulata_GCA9040669951 
Pollachius_virens_GCA9003126351 
Polymixia_japonica_GCA9003023051 
Polyodon_spathula_GCF017654505 
Polypterus_senegalus_GCF016835505 
Prietella_phreatophila_GCA025728095 
Pseudochaenichthys_georgianus_GCA9028271551 
Pundamilia_nyererei_GCF0002393751 
Puntigrus_tetrazona_GCF018831695 
Pygocentrus_nattereri_GCA0152207151 
Regalecus_glesne_GCA900302585_Hughes 
Rondeletia_loricata_GCA9003026051 
Salarias_fasciatus_GCF902148845 
Salmo_salar_GCA0002333754 
Salmo_trutta_GCA9010011651 
Salvelinus_namaycush_GCA0164328551 
Sander_luciopterca_GCF008315115 
Sarda_sarda_KU1121 
Scleropages_formosus_GCA9009647751 
Scomberomorus_commerson_USNMT8993 
Scophthalmus_maximus_GCA0133477651 
Seriola_dumerili_GCF0022607051 
Seriola_lalandi_GCA0030548851 
Silurus_meridionalis_GCA0148056851 
Sinocyclocheilus_anshuiensis_GCF001515605 
Sinocyclocheilus_grahami_GCF001515645 
Sinocyclocheilus_rhinocerous_GCF001515625 
Sparus_aurata_GCA9008806951 
Sphaeramia_orbicularis_GCA9021488551 
Stegastes_partitus_GCF0006907251 
Stylephorus_chordatus_GCA9003126151 
Tachysurus_fulvidraco_GCF022655615 
Takifugu_bimaculatus_GCA0040261452 
Takifugu_flavidus_GCA0037115652 
Takifugu_rubripes_GCA9010007453 
Tetraodon_nigroviridis_GCA0001807351 
Thalassophryne_amazonica_GCA9025002551 
Trachipterus_jacksonensis_D04 
Trachyrincus_murrayi_GCA9003233051 
Trachyrincus_scabrus_GCA9003032151 
Triplophysa_tibetana_GCA0083698251 
Trisopterus_minutus_GCA9003024151 
Typhlichthys_subterraneus_GCA9003024051 
Velifer_hypselopterus_F04 
Xiphophorus_maculatus_GCA0027752052 
Zeus_faber_GCA9003233351 
Zu_cristatus_E04 
